Company,Revenue Growth (%),Net Income Growth (%)
Apple,-0.25948881760194203,-2.184647222905474
Microsoft,7.517330522909231,7.094039600308236
Tesla,6.580948286031426,-11.088840812241358
